full_name,street,city,state,zip_code
Nara Escot,433 Hovde Street,New Haven,Connecticut,06538
Shoshanna Burdell,82 Pine View Parkway,Pensacola,Florida,32526
Shandee Trump,54365 High Crossing Park,Nashville,Tennessee,37205
Kate Tenby,359 Lighthouse Bay Lane,Detroit,Michigan,48232
Skippy Fearby,37991 Dunning Trail,Stockton,California,95205
Midge Balk,11387 Mallory Place,New York City,New York,10170
Town Cockhill,0 Laurel Street,El Paso,Texas,88530
Kial Allbones,37 Corben Lane,Buffalo,New York,14263
Rorie Garnul,7 Cottonwood Road,Minneapolis,Minnesota,55402
Emmet Philot,09 5th Court,San Antonio,Texas,78250
Gustie Pulford,543 Pearson Center,New York City,New York,10292
Jacinda Korous,46458 Schurz Parkway,Columbia,South Carolina,29220
Arlie Duxbury,38 Village Green Hill,Boca Raton,Florida,33499
Ariel Burchett,93625 Bellgrove Place,Davenport,Iowa,52809
Dael Abrahamoff,24666 Fuller Court,Los Angeles,California,90071
Therese Blampied,112 Logan Place,Chicago,Illinois,60624
Kimberlee Van T'Hoog,58 Summit Court,Detroit,Michigan,48217
Eben Musicka,826 Oxford Road,Englewood,Colorado,80150
Jase Flegg,90799 Burning Wood Place,Toledo,Ohio,43656
Elmore Harvison,51956 Anniversary Avenue,Long Beach,California,90831
Sunshine Gallico,4 Commercial Circle,Portland,Oregon,97240
Sandy Routham,96 Sundown Pass,Durham,North Carolina,27717
Ibby Layburn,37211 Fair Oaks Crossing,Arlington,Virginia,22212
Lin Hinge,204 Vermont Court,San Diego,California,92176
Corrine Burdge,15532 Grover Lane,Saint Paul,Minnesota,55127
Wendy Mines,400 Mariners Cove Court,Little Rock,Arkansas,72231
Collete Battams,62298 Huxley Road,Metairie,Louisiana,70033
Alice Bortolozzi,11 Clemons Plaza,Little Rock,Arkansas,72231
Jacklin Garn,24 Glacier Hill Road,Migrate,Kentucky,41905
Giffer Dulany,5713 Eagan Place,Fayetteville,North Carolina,28314
Chas Simon,284 Gale Court,Bethlehem,Pennsylvania,18018
Wolfgang Wenden,4895 Kropf Street,Jacksonville,Florida,32259
Chaim Baron,706 Dahle Lane,Fort Worth,Texas,76121
Blake Leveritt,993 Dwight Way,Houston,Texas,77070
Helge Kyne,6740 Katie Place,Vancouver,Washington,98664
Martainn Crickett,0605 Karstens Trail,Orlando,Florida,32830
Coralyn Lamkin,3985 Spaight Trail,Orlando,Florida,32885
Wallache Shevlane,18255 New Castle Point,Las Vegas,Nevada,89115
Norton Spindler,862 Stephen Circle,Miami,Florida,33124
Willetta Traske,1557 Katie Plaza,Gainesville,Florida,32605
Twila Harcarse,7 Maple Junction,Wichita,Kansas,67205
Kalle Densell,22923 Doe Crossing Court,Sunnyvale,California,94089
Justinn Brock,86999 Westport Plaza,Little Rock,Arkansas,72231
Jackelyn Bernaert,7579 Hanover Crossing,Texarkana,Texas,75507
Adriana Stirrip,2285 Northridge Parkway,Fort Wayne,Indiana,46852
Rosabelle Upham,4280 Hermina Junction,Fredericksburg,Virginia,22405
Emmeline Nicklin,91484 Cascade Plaza,Spokane,Washington,99215
Audra Slimming,87431 Service Place,Loretto,Minnesota,55598
Brit Priestley,034 Sauthoff Crossing,Cumming,Georgia,30130
Alessandro Herity,87455 Arizona Alley,Miami,Florida,33185
Jude Lardier,848 Vernon Drive,Baton Rouge,Louisiana,70805
Natty Craigs,082 Pleasure Crossing,Maple Plain,Minnesota,55579
Mozes Rylands,21317 Donald Point,Sacramento,California,95852
Kora Crosskell,30 Becker Avenue,Lincoln,Nebraska,68505
Allegra Raspel,54 Corry Plaza,San Antonio,Texas,78230
Chris Bugbird,81294 Badeau Point,Baton Rouge,Louisiana,70883
West Whatsize,8 American Center,Detroit,Michigan,48242
Leopold Troy,8368 Crest Line Trail,Seattle,Washington,98104
Linoel Gores,367 Londonderry Way,Columbus,Ohio,43268
Jacquie Watling,27 Melvin Place,Tyler,Texas,75710
Arlana Piche,819 American Ash Drive,Louisville,Kentucky,40205
Rosella Abrahamsohn,96322 Glendale Park,Norwalk,Connecticut,06859
Stanley Yourell,7 Tennessee Junction,Portland,Oregon,97232
Davine Moodycliffe,80 Utah Avenue,Houston,Texas,77005
Fania Fourmy,731 Hintze Parkway,Decatur,Georgia,30089
Wallis McAdam,75912 Dottie Court,Salem,Oregon,97306
Agace McElwee,6484 Golden Leaf Trail,Ventura,California,93005
Asher Ambridge,63301 Jenifer Junction,Anchorage,Alaska,99512
Stanislas Varty,16078 Nancy Point,El Paso,Texas,88519
Rubie Meller,8001 Express Parkway,El Paso,Texas,88541
Filippa Maty,2 Kipling Court,Albany,New York,12237
Rozina Lyven,770 Loeprich Pass,Flint,Michigan,48505
Harrietta Stempe,7 Sloan Trail,Saint Cloud,Minnesota,56398
Linnet Arbon,5443 Corscot Avenue,Valdosta,Georgia,31605
Mychal Tapsfield,49 Oak Valley Court,Saint Paul,Minnesota,55172
Joly Lewisham,362 Butternut Crossing,Monticello,Minnesota,55565
Dwayne Fairlam,034 Golf Pass,Roanoke,Virginia,24040
Dominick Catton,28518 Browning Lane,Farmington,Michigan,48335
Kassey Antonin,85 Badeau Plaza,Mobile,Alabama,36610
Gates Eitter,67745 Alpine Road,Hartford,Connecticut,06152
Nadine Jedras,878 Crowley Street,Birmingham,Alabama,35279
Carolina Currom,167 Sycamore Hill,Albany,New York,12242
Matty Raise,84172 Ronald Regan Alley,Bradenton,Florida,34282
Roderigo Leschelle,526 8th Point,Washington,District of Columbia,20404
Bear Malser,0 Mariners Cove Pass,Madison,Wisconsin,53790
Madella Minichillo,8172 Mayer Avenue,Knoxville,Tennessee,37995
Wolfie Casale,242 Texas Crossing,Raleigh,North Carolina,27621
Francisco Hubner,29 Anniversary Junction,Springfield,Massachusetts,01152
Georgi Piller,2 Farmco Center,Columbus,Ohio,43204
Humfrey Sunderland,61829 Russell Park,Hicksville,New York,11854
Julienne Hatry,6 Luster Trail,Madison,Wisconsin,53705
Lonna Blissitt,2 Kenwood Point,Houston,Texas,77045
Marsha Lintott,30 Mallard Parkway,Hartford,Connecticut,06140
Valaria Roll,55 Express Pass,Jacksonville,Florida,32225
Quentin Ramplee,7 Clemons Drive,Vancouver,Washington,98664
Olly Towers,8923 Dawn Point,Nashville,Tennessee,37235
Daniela Stroyan,5959 Manitowish Way,Fargo,North Dakota,58106
Craggy Degenhardt,04 Pearson Center,Dayton,Ohio,45490
Claudio Davidovics,94 Northview Hill,Baltimore,Maryland,21282
Tadeas McCluskey,2084 Karstens Court,Houston,Texas,77010
Dame Bodle,280 Logan Court,Jeffersonville,Indiana,47134
Georgeanna Halsey,97 Grover Road,Miami,Florida,33175
Curtice Gillow,4836 Elgar Trail,Winston Salem,North Carolina,27157
Kenneth Scouler,447 Schurz Place,Sacramento,California,95823
Borg Johnsson,39 Mcbride Road,San Antonio,Texas,78210
Drucill Iacobo,1 Hoepker Place,Columbus,Ohio,43204
Melissa Chillcot,26 Ryan Terrace,Tampa,Florida,33605
Jacinta Danielli,75119 Valley Edge Circle,Washington,District of Columbia,20535
Nanny Meran,8566 Prairie Rose Plaza,Washington,District of Columbia,20244
Ware Hevner,764 Gulseth Avenue,Orlando,Florida,32891
Carr Rathbourne,1003 Scofield Park,Columbus,Mississippi,39705
Baron Mundell,2478 Fulton Lane,Portland,Oregon,97206
Tibold Prisk,93 Forest Plaza,Lawrenceville,Georgia,30045
Annabal Rivalant,1 Mcbride Pass,Baton Rouge,Louisiana,70820
Hobard Brissenden,12 Gulseth Point,Amarillo,Texas,79165
Lela Haborn,99969 Esch Lane,Warren,Ohio,44485
Bambie Gagan,46 Dayton Place,Reno,Nevada,89510
Uriah Boulde,84 Lunder Pass,Katy,Texas,77493
Sybil Ogelsby,411 Summer Ridge Trail,Memphis,Tennessee,38104
Carlo Santello,42752 Shelley Alley,New Haven,Connecticut,06538
Johnette Yokley,493 South Pass,New Orleans,Louisiana,70149
Dulcia Posnett,0743 Springview Center,Erie,Pennsylvania,16565
Raffaello Tyndall,35 Park Meadow Terrace,Pocatello,Idaho,83206
Claudette Tredger,52 Forest Dale Pass,Charlotte,North Carolina,28256
Chicky Truckett,32 Hanson Street,Cincinnati,Ohio,45223
Hughie Vest,20 Jackson Circle,Canton,Ohio,44760
Alfred Clows,93 Hovde Hill,Jackson,Mississippi,39296
Pearce Pattemore,91 Michigan Plaza,Springfield,Massachusetts,01105
Charisse Chaytor,529 Schiller Terrace,Fresno,California,93762
Rhody Tebbut,0 Iowa Drive,Schaumburg,Illinois,60193
Shirl Wulfinger,596 Hauk Way,Pomona,California,91797
Allie Rudgley,23 Surrey Parkway,Seattle,Washington,98109
Maggee Quarlis,25 Hazelcrest Plaza,Paterson,New Jersey,07505
Ceciley Pods,9 Park Meadow Trail,Conroe,Texas,77305
Fancy Kilbey,03 Fisk Parkway,San Antonio,Texas,78285
Alex Degan,6 Judy Road,Olympia,Washington,98516
Jesse Madre,891 Bay Street,Paterson,New Jersey,07505
Nixie Solomonides,00792 Buena Vista Park,Fresno,California,93709
Thayne Longmire,1 Lyons Lane,Austin,Texas,78749
Angelia Pye,4515 Towne Road,Waterbury,Connecticut,06705
Aleece Boshere,90797 Huxley Place,Phoenix,Arizona,85025
Blithe Squibb,175 Charing Cross Parkway,Dallas,Texas,75251
Abigael Kellogg,62896 Thackeray Center,Miami,Florida,33185
Leta Kilgallon,25809 Forest Plaza,Bellevue,Washington,98008
Erma Gitsham,85616 8th Park,Louisville,Kentucky,40220
Ferd Mabon,75 Bluejay Avenue,Houston,Texas,77218
Rosita Seger,61602 Debs Place,Harrisburg,Pennsylvania,17110
Donovan Bengal,3941 Kennedy Terrace,Detroit,Michigan,48206
Gunner Gollop,8 Sunbrook Hill,Torrance,California,90510
Theodoric Bassingden,8 Cordelia Crossing,Largo,Florida,34643
Pauly Weed,5 Prairieview Way,El Paso,Texas,88553
Tandy Goodson,88 Continental Parkway,San Jose,California,95108
Mikael Kaasmann,58788 Drewry Alley,York,Pennsylvania,17405
Tori Robbey,984 Ruskin Pass,Portland,Oregon,97221
Clyve Harrild,46 Derek Hill,Oklahoma City,Oklahoma,73114
Ronny Rowell,237 Dapin Point,Huntington,West Virginia,25709
Ardath Bowring,90 Golf Course Park,Albuquerque,New Mexico,87105
Kim Bartolomeo,329 Pine View Park,Washington,District of Columbia,20456
Gav O'Lagen,0 Southridge Center,Stamford,Connecticut,06912
Jodie Sears,6 Farmco Way,Colorado Springs,Colorado,80915
Giuseppe Luckings,792 Cambridge Court,Tucson,Arizona,85732
Connor Deeman,5 Kings Court,Corpus Christi,Texas,78465
Bevon Ervin,364 Havey Hill,Fort Lauderdale,Florida,33345
Sax Tanzig,67175 Novick Place,El Paso,Texas,88530
Chrissie Summerlad,13073 Fuller Place,Montgomery,Alabama,36134
Agna Rabson,31 Anzinger Plaza,Buffalo,New York,14205
Kalli Goodhall,161 Clyde Gallagher Trail,Indianapolis,Indiana,46266
Susanne Springate,5063 Lillian Point,Saint Louis,Missouri,63126
Jeane Dunphy,216 Clemons Parkway,Gadsden,Alabama,35905
Katerine Wildes,91339 Russell Circle,New York City,New York,10019
Berk Filipic,3 Sycamore Trail,Washington,District of Columbia,20205
Orsa McAusland,0 Basil Terrace,Wichita,Kansas,67210
Martino Corrie,9010 Muir Court,Montpelier,Vermont,05609
Nathanael Leglise,75608 Sycamore Pass,Atlanta,Georgia,30301
Pen Demonge,61 Mcbride Circle,El Paso,Texas,88546
Wright Dixson,225 Loomis Point,Syracuse,New York,13205
Sax Patience,18915 Barby Road,Macon,Georgia,31296
Dave Parkhouse,01484 Burning Wood Avenue,West Palm Beach,Florida,33411
Miltie Giacomasso,32515 Longview Crossing,Detroit,Michigan,48217
Rodrique Albasini,2 Vermont Lane,Madison,Wisconsin,53779
Bat MacKereth,4 Bartillon Point,West Hartford,Connecticut,06127
Florentia Oakley,17961 Bayside Court,Cleveland,Ohio,44185
Marlena Murrhaupt,2861 Kensington Street,Topeka,Kansas,66667
Mada Cullinane,0 Beilfuss Place,Kingsport,Tennessee,37665
Dav Paolozzi,9 Bayside Avenue,Orlando,Florida,32859
Reg Birkett,18 Sachtjen Parkway,Washington,District of Columbia,20078
Val Tomik,83530 Autumn Leaf Hill,Biloxi,Mississippi,39534
Ava Bane,9300 Tennyson Alley,Portland,Oregon,97232
Sioux Giblett,4787 Kinsman Way,Annapolis,Maryland,21405
Jaquenette O'Doogan,96 Lakewood Gardens Circle,Saint Louis,Missouri,63136
Morgan Vaggers,7 East Court,Atlanta,Georgia,30392
Perren Giblin,2423 Fairfield Hill,Canton,Ohio,44720
Sonny Worstall,032 Mendota Drive,El Paso,Texas,79905
Lonee Ing,8 Gale Crossing,Memphis,Tennessee,38114
Lazarus Dummigan,42 Golf View Park,Omaha,Nebraska,68134
Veronica Dunnion,375 Linden Avenue,Washington,District of Columbia,20442
Kaylil Boulsher,52560 Schmedeman Pass,Pittsburgh,Pennsylvania,15210
Wynny Aspall,7 Northland Pass,Dallas,Texas,75231
Barrie Gulland,479 Crowley Hill,Racine,Wisconsin,53405
Gery Sells,91 Pepper Wood Plaza,Lake Worth,Florida,33467
Dalton Powland,2632 Bayside Circle,Salt Lake City,Utah,84125
Catina Coche,9 Park Meadow Place,Raleigh,North Carolina,27658
Jemima Hawken,1 Nancy Street,Bronx,New York,10464
Torie Jedrzejewsky,31 Sloan Park,Corpus Christi,Texas,78470
Tandy Torbard,093 Fordem Junction,Bronx,New York,10474
Rollins Kerfut,1884 Delaware Alley,Dallas,Texas,75392
Gerrie Stotherfield,700 Hoard Lane,Cincinnati,Ohio,45296
Caty Lerohan,20500 Maple Hill,Washington,District of Columbia,20566
Marcelline Langhorn,59 Commercial Alley,Stockton,California,95205
Desmund Cross,043 Bartillon Street,Saint Cloud,Minnesota,56372
Tony Hallex,200 Blackbird Plaza,Newark,Delaware,19714
Ninon Wiseman,958 Hallows Alley,Tulsa,Oklahoma,74170
Tan Hancell,9 Dennis Hill,Birmingham,Alabama,35225
Kizzie Langstaff,433 Schlimgen Alley,Madison,Wisconsin,53710
Frieda Faust,58988 American Pass,Philadelphia,Pennsylvania,19141
Dorie Mussington,5 Delaware Way,Little Rock,Arkansas,72231
Howie Ivashinnikov,48 Forster Park,Sacramento,California,94230
Marie-ann Stitcher,0484 Graceland Avenue,Reston,Virginia,22096
Maurise Batchan,69876 Alpine Hill,Kansas City,Missouri,64101
Brigida Fuller,6199 Eggendart Way,Morgantown,West Virginia,26505
Stevy Crocombe,00 Mccormick Road,Sarasota,Florida,34276
Vivienne Muzzini,0394 Dryden Court,Fairfax,Virginia,22036
Gay Yallowley,72 Boyd Park,Philadelphia,Pennsylvania,19160
Pammi Guerrero,275 Golden Leaf Court,Atlanta,Georgia,30368
Marina Ojeda,2255 Merrick Pass,Pittsburgh,Pennsylvania,15266
Micheil Faircloth,734 Reinke Terrace,Atlanta,Georgia,30358
Fax Povah,23975 Waxwing Alley,Atlanta,Georgia,31119
Bethanne Fautley,8 Lunder Junction,Pittsburgh,Pennsylvania,15210
Bert Antal,05743 Mockingbird Court,Washington,District of Columbia,20503
Lianne Jenner,64 Lakewood Gardens Place,New York City,New York,10175
Hermina Ende,84 Little Fleur Park,Memphis,Tennessee,38181
Wilow Burgyn,54450 Cardinal Junction,Baltimore,Maryland,21290
Lauren Dymoke,027 Sunfield Pass,Cambridge,Massachusetts,02142
Bren Margery,73997 Grover Drive,Charlottesville,Virginia,22908
Griffith Goward,8 Claremont Street,Syracuse,New York,13210
Orv Bernat,8068 Nevada Court,Cleveland,Ohio,44105
Dyan Charrett,1 Cody Drive,Fort Pierce,Florida,34981
Amalle Bedbrough,392 Sachs Drive,Corpus Christi,Texas,78410
Roxie Olland,91 Golden Leaf Alley,Houston,Texas,77223
Bondy Vasyuchov,21163 Claremont Court,Minneapolis,Minnesota,55412
Mike Chiechio,2507 Scott Park,Miami,Florida,33233
Jerald Venny,822 Sachs Crossing,Evanston,Illinois,60208
Johnathon Mc Ilory,55937 Graedel Alley,Birmingham,Alabama,35220
Conan MacMickan,76 Gale Avenue,Montgomery,Alabama,36109
Brandise Muslim,318 Artisan Court,Dallas,Texas,75397
Ulrike Angrock,5 Ramsey Point,Gary,Indiana,46406
Hadleigh Chamney,7 Macpherson Hill,Tampa,Florida,33633
Elle Lowery,06031 Mifflin Alley,London,Kentucky,40745
Mallissa Hanscome,169 Anhalt Parkway,Colorado Springs,Colorado,80945
Patricio Washington,5617 Sage Drive,San Francisco,California,94137
Ilario Wagerfield,79588 Lyons Junction,El Paso,Texas,79977
Zechariah Mallindine,75 Forest Court,Rochester,New York,14619
Deanna Mohun,53475 Evergreen Center,Pasadena,California,91199
Cassie Broderick,714 Mcguire Parkway,Norfolk,Virginia,23509
Leontyne Hewins,5880 Anniversary Circle,Savannah,Georgia,31416
Romain Sturzaker,22930 Sommers Center,Savannah,Georgia,31422
Bailie Harmston,0524 1st Lane,Toledo,Ohio,43635
Nealson Havile,42431 New Castle Court,Phoenix,Arizona,85053
Eunice Piddlesden,8532 Erie Center,Columbia,South Carolina,29225
Percy Ashman,6487 Dexter Court,Albany,New York,12205
Rudyard Able,941 Onsgard Way,Albuquerque,New Mexico,87110
Bidget Mallya,71 Hauk Center,Charlotte,North Carolina,28210
Jilli Leaning,68 Bultman Plaza,Morgantown,West Virginia,26505
Jack Choules,5 Toban Center,Toledo,Ohio,43615
Stacia Parken,50 Forest Dale Place,Charleston,South Carolina,29411
Carolina Lamperti,5363 Arizona Park,Birmingham,Alabama,35244
Eberto Pessolt,7 Welch Hill,Lansing,Michigan,48930
Louisette Sothcott,7 La Follette Plaza,Inglewood,California,90305
Titus Samweyes,9 Graedel Place,Brooksville,Florida,34605
Peggie Moff,62 Loftsgordon Drive,San Diego,California,92121
Dallis Rosenthal,55493 Sutherland Circle,Atlanta,Georgia,30306
Jamal Tebbitt,6048 Farmco Pass,Jacksonville,Florida,32236
Nicolle Bastie,8 Sommers Street,Houston,Texas,77085
Ryann Moreman,6 Laurel Terrace,Fort Worth,Texas,76147
Zoe Mowsdill,99 Grasskamp Center,Baton Rouge,Louisiana,70836
Lyndy Gillan,2978 Pennsylvania Road,Atlanta,Georgia,31136
Aurelea Humpherson,746 Moulton Pass,Plano,Texas,75074
Con Kulis,42313 Annamark Court,Kansas City,Kansas,66112
Alfons Twort,5 Duke Drive,Houston,Texas,77075
Cleopatra Growcock,598 Ridgeview Crossing,Fort Wayne,Indiana,46852
Myriam Kezourec,79518 Tennyson Drive,Louisville,Kentucky,40266
Cody Ubanks,891 Hintze Circle,San Francisco,California,94121
Rollie Gronou,22391 Elka Circle,Memphis,Tennessee,38181
Lief Chrismas,33 Oak Street,Amarillo,Texas,79182
Klara Ashpole,986 Sommers Alley,Washington,District of Columbia,20210
Valentino Wandtke,946 Pennsylvania Alley,Wilmington,North Carolina,28405
Roxie Astbery,7175 Sage Pass,Pasadena,California,91199
Hyacinthie MacDuff,0 Derek Terrace,San Jose,California,95118
Correna Claisse,7 Becker Drive,Wichita Falls,Texas,76310
Daniel Donne,24132 Kings Street,Knoxville,Tennessee,37931
Roxane Tombleson,50 Truax Lane,Washington,District of Columbia,20520
Fredrika Voyce,5 Lakewood Circle,Arlington,Texas,76016
Danita Slader,6373 Crowley Road,Honolulu,Hawaii,96845
Linell Coupland,90998 Fairfield Plaza,Newport News,Virginia,23605
Vincents Alkin,35645 Wayridge Point,Greeley,Colorado,80638
Pip Mitkov,3671 Forest Dale Alley,Alexandria,Virginia,22333
Emilio Robey,0598 Thierer Hill,Charleston,West Virginia,25305
Lem Toomey,0368 Center Way,Wilmington,Delaware,19886
Jimmy Crimpe,8 Straubel Terrace,Columbia,South Carolina,29208
Eolande Grover,56836 Union Hill,Des Moines,Iowa,50347
Fawn Wallege,56 Lawn Parkway,Saint Louis,Missouri,63116
Shannon Lomath,916 Colorado Point,Buffalo,New York,14220
Kerstin Higgoe,0856 Bartillon Way,Honolulu,Hawaii,96850
Dionne Tallach,2366 Scoville Alley,Reno,Nevada,89510
Diena Elves,35597 Schlimgen Trail,Manassas,Virginia,22111
Malanie Hinks,0 South Point,Chicago,Illinois,60641
Evelina Fautly,92051 Graedel Pass,Erie,Pennsylvania,16565
Crichton Chastaing,2 Maryland Lane,Metairie,Louisiana,70005
Angeli Goter,02789 Weeping Birch Road,Houston,Texas,77070
Rahal Wibberley,69927 Calypso Parkway,Baltimore,Maryland,21216
Chrotoem Daingerfield,33105 Merchant Plaza,Marietta,Georgia,30061
Xavier Snowling,21461 Basil Circle,Arlington,Texas,76016
Caroljean Whitmore,017 Kings Junction,Helena,Montana,59623
Finley Richmond,13674 Nancy Court,Des Moines,Iowa,50335
Borg Zanazzi,682 Sundown Junction,Phoenix,Arizona,85020
Myles Overill,09 Dovetail Street,Youngstown,Ohio,44555
Kain Aymerich,80 Green Center,Charlotte,North Carolina,28263
Christen Cogger,29756 Lake View Park,Columbia,Missouri,65211
Sargent Tulip,1 Oriole Point,Houston,Texas,77095
Orsola Pynn,11 Norway Maple Street,Huntington Beach,California,92648
Cayla Garrals,24 Roth Road,Akron,Ohio,44315
Barbara Levesley,5780 Prairieview Center,Rockford,Illinois,61105
Natalee Phuprate,4 Tennessee Avenue,Johnson City,Tennessee,37605
Johan Knighton,7 Longview Trail,Honolulu,Hawaii,96820
Raimondo Collcott,16586 Sutteridge Park,Dearborn,Michigan,48126
Elsey Beeden,23772 Daystar Circle,Torrance,California,90505
Leslie Stapele,8 Crownhardt Junction,Fort Wayne,Indiana,46852
Garrek Bugdell,37073 Manitowish Street,Albuquerque,New Mexico,87115
Bern Kneller,3964 Warner Hill,Sunnyvale,California,94089
Penelope Tweedy,52 Harper Lane,Springfield,Massachusetts,01152
Donny Billyeald,93 Talisman Plaza,Inglewood,California,90310
Umeko Sappson,5675 Rutledge Junction,Schenectady,New York,12305
Nora Beautyman,1042 Scoville Avenue,Fort Wayne,Indiana,46805
Jan Callingham,6 Porter Road,Edmond,Oklahoma,73034
Netti O'Farris,478 Summit Hill,Hot Springs National Park,Arkansas,71914
Martie Bourtoumieux,71212 Homewood Alley,Tucson,Arizona,85743
Davy Gero,0493 Katie Terrace,Charleston,West Virginia,25331
Ambrosio Stalman,5358 Lukken Lane,Louisville,Kentucky,40280
Jerad Warmington,1 Macpherson Pass,Birmingham,Alabama,35220
Roz Pembery,8177 Mendota Junction,Gary,Indiana,46406
Kamila Pagelsen,7191 Village Crossing,Washington,District of Columbia,20414
Desdemona Hollow,3 Pawling Crossing,Atlanta,Georgia,31165
Bailey Lassen,0475 Petterle Hill,Warren,Michigan,48092
Jen Kesteven,2700 Talmadge Avenue,Vero Beach,Florida,32964
Say O'Sullivan,378 Bluejay Pass,Spokane,Washington,99215
Bertie Crohan,26 Carey Pass,Las Vegas,Nevada,89145
Felecia Lowdham,354 Havey Hill,Jamaica,New York,11447
Stace Sleep,76 Onsgard Plaza,Winter Haven,Florida,33884
Georges Osbourn,2 Brentwood Trail,Monticello,Minnesota,55565
Emanuel Pinder,30 Carey Crossing,Atlanta,Georgia,30375
Noby Rochell,40321 Sundown Circle,Santa Barbara,California,93150
Gloriana Robjohns,593 Acker Road,Memphis,Tennessee,38150
Chalmers Quakley,2206 Logan Drive,Amarillo,Texas,79182
Caresa Meikle,8 Brown Court,Fort Wayne,Indiana,46896
Rosaleen Bretton,957 John Wall Court,Pasadena,California,91117
Saul Taaffe,6243 Bonner Alley,Washington,District of Columbia,20535
Hammad Snassell,69 Dawn Center,Houston,Texas,77090
Tobey Cordner,783 Southridge Center,High Point,North Carolina,27264
Stirling Durtnal,4 Grayhawk Court,Washington,District of Columbia,20508
Darya Lechmere,4 Florence Pass,Jacksonville,Florida,32255
Quentin Escreet,5310 Corben Junction,Vancouver,Washington,98664
Keelby Readshall,314 Algoma Way,Denver,Colorado,80249
Lemmie Kinnock,34 Crownhardt Way,Los Angeles,California,90025
Orin Delgardillo,936 Old Gate Lane,Omaha,Nebraska,68197
Sterne Bullant,8476 Westerfield Terrace,Orlando,Florida,32859
Gena Dollin,9 Old Shore Park,Corpus Christi,Texas,78475
Justinian Vaggers,60 3rd Point,Pittsburgh,Pennsylvania,15274
Patin Lydden,71 3rd Court,El Paso,Texas,88546
Easter Tole,00 Almo Hill,Charleston,West Virginia,25336
Gare Lampart,59 Mccormick Plaza,Oklahoma City,Oklahoma,73167
Reynard Boom,6288 Butternut Place,Fort Smith,Arkansas,72905
Karissa Schoroder,56 Pankratz Way,Little Rock,Arkansas,72204
Alaine Houten,9 Cordelia Circle,Memphis,Tennessee,38143
Darby Martynikhin,27 Anzinger Center,Minneapolis,Minnesota,55470
Goddart Duthie,67650 Dryden Hill,Saint Louis,Missouri,63180
Fayette Westcarr,12 Sutherland Terrace,Greensboro,North Carolina,27499
Mari Ronchetti,41345 South Park,Metairie,Louisiana,70033
Normie Gebby,719 Rowland Road,Jackson,Mississippi,39296
Ezekiel Wesley,4903 Menomonie Circle,Saint Louis,Missouri,63180
Dianemarie Habbijam,43653 Mayer Alley,Houston,Texas,77201
Charlean Brogden,1536 Kings Way,Dayton,Ohio,45414
Dolph Behneke,8385 American Ash Center,Miami,Florida,33153
Taddeo Oade,06 Swallow Avenue,Seattle,Washington,98166
Britney Warton,67198 John Wall Avenue,Nashville,Tennessee,37215
Viole Lochhead,3088 Blackbird Point,Washington,District of Columbia,20022
Koressa Ambrogioni,2850 Grasskamp Street,Brooklyn,New York,11210
Jennee Dawtrey,16585 Bartelt Junction,Murfreesboro,Tennessee,37131
Pearline Wenman,972 Bellgrove Court,Jamaica,New York,11499
Blondell Kunkler,464 Forest Run Pass,Albany,New York,12255
Nesta Vawton,11 Petterle Court,Virginia Beach,Virginia,23464
Tonnie Wrankling,4 Ridgeview Parkway,Birmingham,Alabama,35220
Albertine Shimuk,5 School Point,Anchorage,Alaska,99507
Levin Tainton,3 Donald Center,Columbia,South Carolina,29225
Marlyn Milberry,188 Oriole Plaza,Amarillo,Texas,79171
Tricia Thirst,8777 Dawn Plaza,Idaho Falls,Idaho,83405
Hi Murdy,89 Killdeer Circle,El Paso,Texas,88553
Kerri Thew,48 Veith Avenue,Fort Worth,Texas,76129
Cynde Drane,34132 West Court,Bronx,New York,10454
Anissa Hansen,5 3rd Center,Sarasota,Florida,34233
Kimberly Abrahams,76 Shopko Drive,Miami Beach,Florida,33141
Tanitansy Meagher,7 Forest Center,Saint Paul,Minnesota,55114
Jodi Jonin,9848 Meadow Vale Street,Minneapolis,Minnesota,55448
Alana Skeel,97 Lotheville Crossing,Miami,Florida,33153
Alexi Seviour,4 Mariners Cove Trail,Van Nuys,California,91411
Thain Gollop,65 Lighthouse Bay Place,Houston,Texas,77266
Davidde Causton,44 Old Gate Crossing,Houston,Texas,77276
Staford Azam,199 Cardinal Place,Rochester,New York,14614
Cherin Ccomini,8 Schurz Parkway,Greensboro,North Carolina,27499
Duffy Durkin,08 Bashford Crossing,Delray Beach,Florida,33448
Trudey Cazalet,127 Mosinee Point,Dayton,Ohio,45426
Krystle Karpenya,52 1st Avenue,Staten Island,New York,10310
Pip Ricco,4 Comanche Pass,Orlando,Florida,32830
Randall Harman,9 Brown Parkway,Scranton,Pennsylvania,18514
Sid Hazley,3 Blaine Pass,New York City,New York,10270
Dori Anfusso,248 Pankratz Pass,Yonkers,New York,10705
Marcela Blockley,20666 Paget Center,Temple,Texas,76505
Georgetta Waterworth,87 Luster Park,Mobile,Alabama,36628
Laurice Brass,7 John Wall Terrace,Loretto,Minnesota,55598
Lorrie Flay,0 Warner Terrace,Washington,District of Columbia,20430
Conan Slesser,0854 Manitowish Crossing,Wilmington,North Carolina,28410
Sigvard Fisk,27677 Elka Road,Grand Rapids,Michigan,49505
Ken Geffen,30 Farwell Court,North Las Vegas,Nevada,89036
Alla Beynon,80 Messerschmidt Avenue,Springfield,Illinois,62711
Wye Goodliff,864 Oakridge Hill,Salt Lake City,Utah,84120
Benedicta Melross,51 Lawn Way,New York City,New York,10004
Chicky Franzel,5556 Hovde Park,Lehigh Acres,Florida,33972
Isabelita Takis,947 Springview Drive,Tallahassee,Florida,32399
Justin Overland,76564 Forest Run Crossing,San Diego,California,92165
Starlene Primak,96 Hoepker Court,Chattanooga,Tennessee,37410
Tiler Obin,02 Kennedy Plaza,Aurora,Colorado,80015
Ashely Fealty,5 Village Green Parkway,Bismarck,North Dakota,58505
Antonio Geyton,89 Walton Place,Las Vegas,Nevada,89125
Mitchael Girvan,123 Cottonwood Pass,Philadelphia,Pennsylvania,19136
Jan Ivushkin,186 Pine View Point,Lexington,Kentucky,40576
Clemmie Siely,458 Jana Junction,Oklahoma City,Oklahoma,73190
Sibylle Basden,24301 Kedzie Parkway,Minneapolis,Minnesota,55446
Charlie Bruhnsen,6 Valley Edge Pass,Kissimmee,Florida,34745
Francklyn Venditto,50693 Hanson Park,Hartford,Connecticut,06152
Gaven Paoletti,1829 Pawling Crossing,Miami,Florida,33283
Edna Kidd,35 Crescent Oaks Junction,New York City,New York,10029
Marmaduke Helgass,46271 Pierstorff Drive,Tucson,Arizona,85743
Ella Flemming,0 Farmco Junction,Shawnee Mission,Kansas,66225
Hamlen Frodsam,48920 Nevada Park,Colorado Springs,Colorado,80995
Sasha Haistwell,5 Little Fleur Avenue,Phoenix,Arizona,85053
Leroi Canto,05774 Trailsway Court,Wilkes Barre,Pennsylvania,18768
Minetta Gutowska,37 Ohio Alley,New York City,New York,10079
Culver Baiss,05 Little Fleur Way,Amarillo,Texas,79159
Gaylor Edbrooke,738 Dorton Trail,Albuquerque,New Mexico,87140
Jacquette Wombwell,8257 Nancy Avenue,Des Moines,Iowa,50320
Sonya Skipworth,4151 Starling Pass,Indianapolis,Indiana,46202
Romonda Edmeads,508 Lunder Avenue,Saint Louis,Missouri,63158
Robby Kinder,94 North Lane,Plano,Texas,75074
Adrien Lipp,942 Prairieview Trail,Miami,Florida,33147
Gusta Palay,40744 Graedel Trail,Chicago,Illinois,60657
Carmella Phinnis,043 7th Crossing,Farmington,Michigan,48335
Valeda Weatherhill,5472 Rieder Plaza,Amarillo,Texas,79165
Yankee Pickwell,42031 Center Drive,Indianapolis,Indiana,46231
Ansel Lead,65 Menomonie Street,Lake Worth,Florida,33462
Ellie Faro,9 Kipling Way,Jefferson City,Missouri,65105
Jorrie Hayward,7 Transport Park,Sacramento,California,95818
Ruperto Canedo,05166 Stoughton Road,Miami,Florida,33175
Erek Joinson,40241 Susan Park,Kingsport,Tennessee,37665
Gris Ivoshin,58577 Loomis Pass,Jacksonville,Florida,32255
Glyn Healing,7058 Hovde Lane,Memphis,Tennessee,38161
Harri Antony,14557 Jenna Place,New Orleans,Louisiana,70183
Aime Reignard,55276 Emmet Plaza,Garden Grove,California,92844
Adel Sollner,079 Northland Junction,Miami,Florida,33142
Lloyd Cunnington,508 Quincy Junction,Lafayette,Louisiana,70593
Siana Scargill,32046 Onsgard Junction,Springfield,Illinois,62718
Paige Lowrie,0655 Thompson Lane,Largo,Florida,34643
Kelsey Meechan,631 Tony Crossing,Huntsville,Alabama,35805
Jerad Blakelock,18014 Crest Line Lane,San Antonio,Texas,78278
Ferdie Pugh,48646 Elmside Plaza,Nashville,Tennessee,37228
Jayme Galbreth,782 Sugar Point,Atlanta,Georgia,30340
Mario McGeachey,09 Pond Way,Kingsport,Tennessee,37665
Arlinda Lauder,68794 Lunder Lane,Indianapolis,Indiana,46226
Krysta Kersaw,661 Laurel Street,Huntington,West Virginia,25775
Augie Baldery,02 Johnson Way,Metairie,Louisiana,70033
Aida O'Toole,05 Center Terrace,Utica,New York,13505
Janifer Stenners,650 Morningstar Lane,Seattle,Washington,98109
Owen Pietersen,608 Mcguire Plaza,Houston,Texas,77266
Elenore Minnis,3465 Little Fleur Lane,Chicago,Illinois,60686
Vida Stollberger,63 Waywood Center,San Francisco,California,94110
Phil Favelle,658 Dottie Alley,Huntington,West Virginia,25775
Evangelina Riquet,06234 Mallard Terrace,Sarasota,Florida,34276
Dulcea Lethbrig,29 Caliangt Junction,Newton,Massachusetts,02162
Darwin Sallnow,8413 Upham Alley,Detroit,Michigan,48275
Dorie Dunster,22 Miller Court,Van Nuys,California,91411
Kathryn Cuckson,1552 Grover Way,New York City,New York,10170
Brock Buckoke,792 Macpherson Circle,Denver,Colorado,80249
Elaina Perez,8 Lighthouse Bay Parkway,Boston,Massachusetts,02119
Bruis Clell,375 Grasskamp Terrace,San Francisco,California,94110
Shawn Sewley,68 Clarendon Hill,Fort Lauderdale,Florida,33320
Hill Paxforde,733 Weeping Birch Crossing,Jersey City,New Jersey,07310
Cleon Mynott,509 Schlimgen Place,Indianapolis,Indiana,46207
Herman Winsborrow,82278 Butterfield Lane,Schaumburg,Illinois,60193
Constancy Tranmer,2 Hollow Ridge Junction,Bronx,New York,10474
Florrie Deeney,3 Lakeland Pass,Troy,Michigan,48098
Lorettalorna Oleszcuk,51 Barby Road,Tulsa,Oklahoma,74126
Elliot Stowe,37 Mariners Cove Way,Boston,Massachusetts,02283
Vale Oldrey,66 Summerview Avenue,Milwaukee,Wisconsin,53210
Rowe Roberds,0611 Old Gate Trail,Spokane,Washington,99220
Jilleen Videneev,36 Hagan Court,Lubbock,Texas,79410
Christiane Hastewell,40 Bowman Way,El Paso,Texas,79977
Shelbi Weetch,17 Heath Place,Tulsa,Oklahoma,74116
Orazio Bazire,741 Rockefeller Park,Newark,New Jersey,07188
Kip Merritt,45020 Badeau Alley,Warren,Michigan,48092
Ardella Pond,8 Almo Plaza,Florence,South Carolina,29505
Currey Uc,6013 Milwaukee Street,San Francisco,California,94126
Welch Birdall,9833 Melrose Street,Amarillo,Texas,79159
Tirrell D'Elia,02 Talmadge Avenue,Knoxville,Tennessee,37914
Hyatt Gaish,1868 Luster Park,Greensboro,North Carolina,27415
Rhea Kimble,018 Clove Crossing,San Bernardino,California,92424
Ermina Piner,84 Nancy Trail,Washington,District of Columbia,20409
Cointon Gorner,76 Fair Oaks Pass,Nashville,Tennessee,37235
Kizzie Rosenwasser,95 Anzinger Court,New Orleans,Louisiana,70160
Wilow Grinishin,59631 Prentice Street,Prescott,Arizona,86305
Kliment Breffit,3 Cardinal Lane,Peoria,Illinois,61605
Catharina Allcoat,4 Debra Park,Bakersfield,California,93311
Faunie Guilloux,659 International Park,Dallas,Texas,75241
Michaela McGready,0102 Forest Crossing,Reading,Pennsylvania,19610
Ermengarde McGlade,9259 Dexter Center,Nashville,Tennessee,37245
Ines McMearty,86401 Old Gate Alley,Houston,Texas,77260
Rourke Sellwood,81 Dawn Place,Las Vegas,Nevada,89145
Fanni Dampney,09102 Havey Trail,Orlando,Florida,32859
Melony Birmingham,4252 Oakridge Crossing,Cincinnati,Ohio,45203
Robin Pavie,3 Valley Edge Place,El Paso,Texas,79928
Birch Janse,021 Dakota Way,New Orleans,Louisiana,70187
Bondon Blinman,24398 American Circle,Fairfield,Connecticut,06825
Camella Lacey,3 Packers Court,Baton Rouge,Louisiana,70820
Jess Swale,31 Riverside Circle,Washington,District of Columbia,20551
Celka Rakes,03 Continental Park,Dulles,Virginia,20189
Dasie Eggleton,2687 Mockingbird Drive,Littleton,Colorado,80161
Agneta Buckler,63 Burrows Alley,Corpus Christi,Texas,78470
Durante Aslott,68934 Tennessee Drive,Columbia,South Carolina,29203
Gerladina Durnan,239 Kings Way,Bloomington,Illinois,61709
Corbie Deppen,7 Johnson Drive,Tampa,Florida,33615
Mada Bonett,7420 Red Cloud Point,Washington,District of Columbia,20046
Agneta Millis,5736 Autumn Leaf Circle,Houston,Texas,77212
Myca Manser,18 Arrowood Circle,Helena,Montana,59623
Diahann Strickett,4086 Grasskamp Point,Terre Haute,Indiana,47805
Nevsa Dewerson,0 American Pass,Pasadena,California,91103
Vickie Adrianello,50 Fremont Street,Van Nuys,California,91499
Micheil Bodley,77765 Anzinger Plaza,Lake Worth,Florida,33467
Byram Rizzardini,81 Surrey Hill,Vancouver,Washington,98682
Jill Nunan,3718 Stephen Alley,Phoenix,Arizona,85010
Ronda McRoberts,602 Transport Way,Irvine,California,92619
Olivero Meert,83094 Hanson Junction,South Lake Tahoe,California,96154
Ted Beardshall,100 Fair Oaks Plaza,Evansville,Indiana,47712
Bank Sorrell,86 Sullivan Point,Washington,District of Columbia,20575
Natalee Audibert,01316 Summerview Terrace,Pittsburgh,Pennsylvania,15286
Lil Nutley,2 Kensington Place,Dallas,Texas,75251
Cass Ruske,32 Eastlawn Crossing,Hollywood,Florida,33028
Luisa Nestle,692 Dahle Plaza,Milwaukee,Wisconsin,53263
Owen Josland,5070 Becker Lane,Corpus Christi,Texas,78405
Henrik Leggat,15 Old Shore Avenue,Monroe,Louisiana,71208
Jobey Arbor,9 Northridge Center,Shawnee Mission,Kansas,66220
Jere Selwin,8288 Orin Park,Washington,District of Columbia,20231
Thorin Izhak,8679 Portage Pass,Indianapolis,Indiana,46207
Jayne Ickovitz,42755 Spaight Park,Norcross,Georgia,30092
Brena Privett,03 Schurz Terrace,Jacksonville,Florida,32225
Alfy MacCrosson,9747 Green Road,Minneapolis,Minnesota,55458
Winona Trimming,3 Tennessee Alley,Trenton,New Jersey,08603
Loydie Lalevee,6434 Lindbergh Hill,Lincoln,Nebraska,68510
Ross Fuchs,86 Eliot Trail,Bozeman,Montana,59771
Sibilla Killingback,47242 Eliot Point,Alexandria,Virginia,22333
Roley Trainer,7 La Follette Street,Grand Rapids,Michigan,49505
Roddie D'Angeli,509 Dapin Avenue,Lexington,Kentucky,40505
Martelle Justis,684 Cascade Lane,Kansas City,Missouri,64187
Ozzie O'Flynn,7 Oriole Pass,Portsmouth,Virginia,23705
Lanita Renol,7 Rigney Trail,Saint Louis,Missouri,63110
Ashton Soames,3304 Norway Maple Court,Mesa,Arizona,85210
Noemi Moralis,41320 Nevada Hill,Austin,Texas,78759
Rona Chalkly,69 Emmet Lane,Pueblo,Colorado,81010
Berthe Penlington,65 Gerald Trail,Erie,Pennsylvania,16505
Salomi Gossop,022 North Circle,Washington,District of Columbia,20566
Frannie Yeo,8122 Prairie Rose Plaza,Des Moines,Iowa,50393
Norbert Heinrich,08115 Browning Park,Oklahoma City,Oklahoma,73129
Marnie Jirick,6800 Emmet Crossing,Charleston,West Virginia,25305
Ginnifer Feavyour,84627 Cascade Drive,Denver,Colorado,80262
Katy Pease,2 Leroy Parkway,Carson City,Nevada,89714
Ambrosio Sanger,762 East Terrace,Detroit,Michigan,48275
Jeffie Shervil,1 Darwin Street,Brooklyn,New York,11205
Reta Burgoyne,177 Emmet Alley,Louisville,Kentucky,40205
Chris Purnell,123 Talisman Alley,Chandler,Arizona,85246
Matty Piken,37 Cambridge Court,Reading,Pennsylvania,19605
Gwenora Feast,03014 Anthes Pass,San Jose,California,95173
Kaspar Extal,3451 Norway Maple Drive,Washington,District of Columbia,20226
Inger Allot,24903 Namekagon Avenue,Greensboro,North Carolina,27404
Stevana Crippell,3 Straubel Road,Cleveland,Ohio,44111
Vernon Allebone,54 North Point,Toledo,Ohio,43699
Nicky Swainson,31251 Lotheville Pass,New York City,New York,10039
Mirilla Hannay,6909 Crownhardt Parkway,Cedar Rapids,Iowa,52410
Stavros Bigley,5 Waywood Park,Fairfax,Virginia,22036
Codi Faire,89 Ruskin Way,Des Moines,Iowa,50305
Desiree Scholte,71418 Acker Crossing,Portland,Oregon,97206
Austine Janous,75807 Caliangt Avenue,Anderson,Indiana,46015
Cristie Muffin,4 Kenwood Terrace,Dayton,Ohio,45403
Brandice Peyzer,5592 Dakota Place,Baltimore,Maryland,21282
Eadith Tapson,3 Maple Wood Court,Houston,Texas,77050
Perle Farnin,735 2nd Plaza,Sacramento,California,94263
Shepherd Jiles,122 Manitowish Road,Dallas,Texas,75397
Dulce Danielou,146 Spaight Alley,Portsmouth,New Hampshire,00214
Catina Andreas,849 Warner Street,Lake Worth,Florida,33462
Emlyn Dallaghan,11 Helena Drive,Anchorage,Alaska,99599
Ashlen Silcock,07 Straubel Road,Bethesda,Maryland,20816
Lowrance Christmas,87665 Crownhardt Hill,Grand Junction,Colorado,81505
Reinaldos Wallas,2 Dottie Center,Long Beach,California,90847
Hynda Chimenti,20 Spaight Center,Aurora,Colorado,80015
Beau De Robertis,3 Burrows Junction,Birmingham,Alabama,35220
Reynolds Charkham,335 Buell Park,Sioux Falls,South Dakota,57193
Heidie Bonnet,93 Kensington Pass,Macon,Georgia,31210
Darb Skule,1618 Moose Hill,Indianapolis,Indiana,46221
Jamal Cristofanini,10 Truax Trail,Oklahoma City,Oklahoma,73124
Arte Conahy,47958 Karstens Plaza,Pasadena,California,91117
Antony Shellum,4070 Bunting Lane,New York City,New York,10099
Silvain Bigg,27756 Melody Park,Denver,Colorado,80223
Loraine Records,33 Stuart Crossing,San Antonio,Texas,78291
Clarinda Dinsmore,67 Macpherson Trail,Schenectady,New York,12325
Cleavland Holleworth,46 Fairfield Point,Honolulu,Hawaii,96810
Merla Berendsen,0 Kings Pass,Burbank,California,91505
Lynn Sylett,087 Macpherson Plaza,Lexington,Kentucky,40546
Jolene Gusney,9 Del Mar Lane,Lubbock,Texas,79415
Ephraim Hayley,0267 Oriole Trail,Brooklyn,New York,11205
Obidiah Borthe,6 Morning Way,Hollywood,Florida,33023
Guillaume Berrisford,88 Rusk Trail,Stockton,California,95210
Sharon Rhydderch,9 Brown Circle,Charleston,West Virginia,25305
Rica Zellner,05 Messerschmidt Road,San Diego,California,92145
Doris Petticrow,3 Troy Street,Buffalo,New York,14205
Chane Dragoe,7 Meadow Vale Point,Newark,Delaware,19714
Asia Cornwall,4 Dunning Trail,Virginia Beach,Virginia,23454
Malina Dechelle,53751 Green Ridge Plaza,Cleveland,Ohio,44191
Elenore Vasnetsov,55835 Melvin Crossing,Jackson,Mississippi,39282
Cami Woodward,6728 Lotheville Parkway,Silver Spring,Maryland,20910
Chas Fanti,132 Scott Center,Des Moines,Iowa,50305
Shandra Blackborn,8505 Hagan Drive,Torrance,California,90505
Elsa Keats,1 Esker Circle,Charleston,South Carolina,29411
Sadella Ashman,872 Summerview Terrace,Dallas,Texas,75310
Yoshi L'Amie,387 Harbort Street,Brea,California,92822
Xenos Metson,7 Dennis Court,Wichita,Kansas,67260
Dorolice Torrisi,7 Derek Street,Minneapolis,Minnesota,55480
Dominga Benedict,90234 Loeprich Terrace,Newark,Delaware,19714
Danyelle Blanket,99923 Coleman Place,Gulfport,Mississippi,39505
Viviene Missen,402 Gateway Lane,Monticello,Minnesota,55585
Antony Bruckent,7 Morningstar Point,San Bernardino,California,92424
Caye Baulk,3022 Golf View Lane,Wilkes Barre,Pennsylvania,18768
Etti Klyn,994 Pierstorff Drive,Anaheim,California,92805
Kingsly Relph,51 Hintze Hill,Daytona Beach,Florida,32123
Darill Gooddy,83846 North Crossing,Chicago,Illinois,60614
Pasquale Lively,4786 Bunting Pass,Springfield,Missouri,65805
Hardy Willacot,92308 Grim Point,Scottsdale,Arizona,85260
Emeline Polhill,07952 Barby Parkway,Omaha,Nebraska,68164
Duffie Prendiville,4774 Nova Way,Decatur,Illinois,62525
Kaitlynn Le land,7 Bluestem Terrace,Honolulu,Hawaii,96845
Cecily Roskell,08 Anniversary Trail,New York City,New York,10203
Alix Streatfeild,29195 Logan Plaza,Tacoma,Washington,98411
Gerta Lacheze,58953 Ridgeview Crossing,Toledo,Ohio,43656
Klara Howle,67 Arrowood Court,San Jose,California,95133
Ursula Simson,230 Randy Way,Atlanta,Georgia,30336
Vincenty de Najera,419 Hanson Avenue,Houston,Texas,77281
Darbie Knox,91 Oakridge Junction,Manassas,Virginia,22111
Stearn Caines,4104 Alpine Trail,Omaha,Nebraska,68134
Westbrooke Tanby,163 Spohn Circle,Minneapolis,Minnesota,55487
Silvan Ricoald,6 Sherman Way,Tuscaloosa,Alabama,35405
Kessiah Pietesch,1752 Michigan Trail,Bakersfield,California,93305
Binnie Ruddy,244 5th Lane,Dulles,Virginia,20189
Brear Caraher,34945 Troy Center,Springfield,Illinois,62764
Denny Vondrach,55545 Dawn Junction,El Paso,Texas,88553
Holt Czajkowska,683 Merry Trail,Albany,New York,12222
Yard Howels,590 Mcbride Road,Charlotte,North Carolina,28242
Bogey Salleir,90560 Dixon Avenue,Saint Paul,Minnesota,55123
Godfry Mongan,17 West Terrace,Las Vegas,Nevada,89193
Kellen Crimpe,18 Heffernan Lane,Missoula,Montana,59806
Brynne Megainey,3644 Westerfield Road,Grand Forks,North Dakota,58207
Noe Ellams,222 Prairieview Lane,Houston,Texas,77015
Filippa Ferguson,415 Texas Place,Gastonia,North Carolina,28055
Eleanore Dust,52157 Badeau Center,Miami,Florida,33196
Athene Greatex,7 Autumn Leaf Alley,San Antonio,Texas,78215
Sydelle Francecione,847 Fallview Road,Lansing,Michigan,48919
Mathilde Gatchell,30 American Lane,Philadelphia,Pennsylvania,19172
Loella Farndon,7 Bunker Hill Drive,Houston,Texas,77293
Tabby McFade,47280 Bluestem Alley,Topeka,Kansas,66699
Burgess Greatrex,7 Sachs Alley,Concord,California,94522
Lutero Gladtbach,8170 Lakewood Gardens Street,Saint Petersburg,Florida,33742
Alister Binestead,1722 Dryden Street,Edmond,Oklahoma,73034
Alphonse Sibille,35 Ramsey Park,Long Beach,California,90805
Carol Reichelt,77149 Merrick Hill,Chicago,Illinois,60674
Niki Pagden,890 Burning Wood Lane,Baton Rouge,Louisiana,70836
Georgi Condy,80019 Atwood Avenue,Jacksonville,Florida,32220
Annecorinne Traves,8440 Briar Crest Crossing,Saint Joseph,Missouri,64504
Dara Yacobsohn,3 New Castle Drive,Brockton,Massachusetts,02305
Valle Mogenot,8 Fallview Place,Fort Wayne,Indiana,46862
Maximilian Bogaert,04819 Donald Crossing,Toledo,Ohio,43635
Frederich Moreing,87 Cascade Plaza,Norman,Oklahoma,73071
Pippa Ivanyushin,49477 Golf View Park,Madison,Wisconsin,53705
Riobard Beernaert,53686 Derek Drive,Fort Smith,Arkansas,72905
Roby Roja,7926 Granby Place,Columbus,Georgia,31904
Udale Danniel,6 Eagle Crest Road,Corpus Christi,Texas,78426
Graehme Tench,274 Florence Trail,Charleston,West Virginia,25336
Forest Labitt,10 Norway Maple Alley,Lancaster,Pennsylvania,17605
Elizabeth Veljes,24 Swallow Terrace,Chicago,Illinois,60609
Gard Coolahan,7 Moulton Center,Spokane,Washington,99205
Lynde Kennham,3950 Ilene Alley,Sioux Falls,South Dakota,57110
Carlyle Fairfoul,4 Fair Oaks Junction,Los Angeles,California,90060
Bernie Penritt,899 Pine View Hill,El Paso,Texas,88558
Cassie Salters,3252 Old Shore Park,Maple Plain,Minnesota,55572
Florrie Cadden,21869 Melody Crossing,San Antonio,Texas,78291
Marylou Gherardi,48 Division Hill,Decatur,Illinois,62525
Muire Shade,4840 Stoughton Pass,El Paso,Texas,88589
Alberik Colhoun,28101 Golf Course Alley,San Antonio,Texas,78240
Sadie Benoi,23 Rieder Terrace,Trenton,New Jersey,08608
Whit O'Roan,0527 Northport Lane,Garland,Texas,75049
Loretta Parmby,84 Mendota Circle,Sioux Falls,South Dakota,57110
Jereme Tyrwhitt,20 Clemons Lane,Rochester,New York,14624
Bryon Kemet,6 Sheridan Center,Washington,District of Columbia,20010
Claus Gelly,00390 Nelson Court,Amarillo,Texas,79116
Galen Chowne,178 Pennsylvania Trail,Pensacola,Florida,32595
Jennie Ridulfo,61 Gina Place,Jamaica,New York,11436
Maren Baignard,0 Lillian Street,Buffalo,New York,14205
Aviva Danihelka,2641 Pennsylvania Avenue,Chico,California,95973
Rhodia Pelcheur,3643 Arrowood Park,Daytona Beach,Florida,32118
Andy Shuard,17 Mandrake Place,North Las Vegas,Nevada,89087
Lilyan Lorimer,6376 Hooker Plaza,Fayetteville,North Carolina,28305
Gael Havik,9986 Marquette Drive,Pensacola,Florida,32590
Omero Bussey,26673 Sunbrook Park,Indianapolis,Indiana,46207
Eben Guy,31 Talisman Avenue,Des Moines,Iowa,50981
Quinlan Boldero,5159 Declaration Avenue,Harrisburg,Pennsylvania,17110
Ashely Denniston,22 La Follette Parkway,Beaumont,Texas,77713
Vasili Tiffney,04957 2nd Point,Austin,Texas,78744
Kaja Chancelier,8243 Graceland Trail,Anaheim,California,92812
Arch Kendell,0775 Service Hill,Houston,Texas,77020
Coreen Shah,441 Kenwood Terrace,Scottsdale,Arizona,85255
Ermin Cunningham,76492 Butterfield Drive,San Francisco,California,94147
Jill Surcombe,22 Vernon Plaza,Henderson,Nevada,89012
Chelsae Peterken,5352 Gina Terrace,Rochester,New York,14652
Randell French,57697 Village Green Place,Sacramento,California,94245
Alisun Wiggington,680 Duke Way,Topeka,Kansas,66667
Marilin Woodwin,3850 Iowa Crossing,Philadelphia,Pennsylvania,19141
Sergeant Gouldbourn,1 Kenwood Parkway,Miami,Florida,33245
Geri Klulik,752 Bultman Plaza,Greenville,South Carolina,29605
Licha Devoy,35 Manitowish Way,Carol Stream,Illinois,60158
Eleonore Toffolo,56522 Acker Crossing,Greensboro,North Carolina,27404
Sandy Godmer,5425 Clemons Crossing,Dayton,Ohio,45490
Martica Veld,955 Sutteridge Pass,San Antonio,Texas,78225
Kelley Matthew,7 Vahlen Parkway,Springfield,Illinois,62705
Hinze Speedy,7987 Browning Drive,Spartanburg,South Carolina,29319
Ivan Bilovus,926 Badeau Terrace,Raleigh,North Carolina,27615
Lissi Cropton,63683 Bowman Park,Florence,South Carolina,29505
Obadiah Cossins,4349 Larry Alley,Brooklyn,New York,11241
Jeremy Benkin,77806 Dahle Court,Albuquerque,New Mexico,87121
Maryjane Teece,209 Mifflin Circle,Indianapolis,Indiana,46216
Tremayne Sissot,3629 Scofield Place,Elizabeth,New Jersey,07208
Jeri Spaldin,37423 Eliot Alley,New York City,New York,10115
Pieter Lantoph,44890 Manitowish Road,Harrisburg,Pennsylvania,17105
Gamaliel Mulcaster,01 Moose Center,Jackson,Mississippi,39204
Tiertza Warfield,77 Buell Avenue,Denton,Texas,76205
Ruggiero Minette,39100 Lotheville Parkway,Los Angeles,California,90040
Garik Devonish,3976 Orin Avenue,Maple Plain,Minnesota,55579
Erick Bayfield,51 Hoffman Alley,Fredericksburg,Virginia,22405
Beret MacGraith,3 Mosinee Terrace,Salt Lake City,Utah,84135
Delphine Morehall,26450 Blaine Park,Birmingham,Alabama,35236
Faunie Porter,520 Warbler Street,Staten Island,New York,10305
Ailina Shenton,2 Bashford Street,Columbus,Ohio,43284
Devlin Nizet,5838 Grover Hill,Migrate,Kentucky,41905
Chaddie Mitrovic,7 Cherokee Crossing,New York City,New York,10150
Timi Drioli,3655 Lotheville Trail,Orlando,Florida,32819
Aguste Bracher,32129 Mccormick Parkway,Trenton,New Jersey,08619
Peter Lesslie,989 Southridge Terrace,Macon,Georgia,31205
Gregory Royans,88 Milwaukee Junction,Macon,Georgia,31296
Samantha Echalier,829 Kenwood Plaza,Amarillo,Texas,79118
Mikaela Midgely,73 Sommers Hill,El Paso,Texas,88558
Emlyn Fretwell,2 Dahle Alley,El Paso,Texas,79977
Rickie Leeds,73 Waxwing Circle,Salem,Oregon,97312
Wini Greenhowe,42 Montana Circle,Grand Rapids,Michigan,49510
Fredek Sloane,6 American Ash Trail,Bronx,New York,10474
Antonella Sandyfirth,2 Almo Junction,Bakersfield,California,93399
Conchita Miguet,38 Utah Pass,Dallas,Texas,75367
Emmalyn Bacop,5166 Saint Paul Street,Lancaster,Pennsylvania,17605
Gordan Nettle,44948 Porter Place,San Antonio,Texas,78291
Brear Hutchins,457 Miller Trail,Montgomery,Alabama,36104
Malanie Wadman,97229 Meadow Ridge Drive,Spring Hill,Florida,34611
Freida Hewson,91706 Calypso Street,Albuquerque,New Mexico,87190
Keven Chell,4473 Nelson Drive,Baltimore,Maryland,21239
Araldo Gubbins,06639 Victoria Point,Reading,Pennsylvania,19610
Steffie Ivell,8 Red Cloud Park,Spring Hill,Florida,34611
Anthe Parman,163 Hagan Court,Minneapolis,Minnesota,55487
Nichols Jelks,1 Corscot Terrace,Miami,Florida,33196
Mackenzie Bartle,75 Old Gate Avenue,Amarillo,Texas,79165
Somerset Tardiff,25 Kipling Junction,Kansas City,Kansas,66105
Cesar Volonte,5 1st Street,Topeka,Kansas,66629
Nathalia Shrieves,9826 Heffernan Avenue,Louisville,Kentucky,40287
Quincey Mulvey,14 Myrtle Alley,Mobile,Alabama,36622
Elana Glas,77 Waywood Way,Denver,Colorado,80217
Bartlet Goodby,3 Corben Court,Kansas City,Missouri,64142
Pascale Williamson,477 Spohn Terrace,Saint Petersburg,Florida,33742
Philip Ecclestone,522 Pawling Hill,Phoenix,Arizona,85077
Zedekiah Smitherham,18547 Helena Trail,Winter Haven,Florida,33884
Reinaldo Goldis,675 Ruskin Place,Shawnee Mission,Kansas,66286
Collin Bantock,5 Dorton Plaza,Rochester,New York,14683
Venita Buckel,09 Dayton Circle,West Hartford,Connecticut,06127
Brooke Feaks,8108 Vahlen Circle,Colorado Springs,Colorado,80995
Isac Barham,53141 Sunnyside Road,Albany,New York,12262
Che Hewkin,7 Tony Alley,Fort Pierce,Florida,34981
Corinne Donahue,692 Florence Street,Raleigh,North Carolina,27635
Crin Wheelan,78 Carioca Circle,Savannah,Georgia,31410
Jim Wikey,7588 Farmco Junction,Las Vegas,Nevada,89135
Niles Dreamer,8 Rigney Center,Houston,Texas,77260
Daniela Impy,9 Schmedeman Point,New Orleans,Louisiana,70183
Adey Mowbury,6805 Shelley Pass,Reno,Nevada,89510
Denis Brownjohn,091 Sunnyside Crossing,Salt Lake City,Utah,84135
Blanch Coward,3865 Hazelcrest Circle,Denver,Colorado,80241
Ravid Spileman,73324 Pepper Wood Drive,Saint Louis,Missouri,63110
Dawna McGahey,275 Mayer Court,Huntington,West Virginia,25726
Ethelin Tring,45 Northland Court,Miami,Florida,33169
Tudor Chevins,207 Leroy Place,Washington,District of Columbia,20456
Randell Bertolin,0 Parkside Crossing,Cincinnati,Ohio,45999
Nealy Towers,5 Stephen Junction,Brooklyn,New York,11247
Carley Everist,534 Ohio Terrace,Pasadena,California,91131
Chrysler Bonfield,4802 Randy Road,Denver,Colorado,80279
Isac Tomasutti,62516 Stone Corner Lane,Richmond,Virginia,23242
Ernestus Viggars,05 Surrey Crossing,San Francisco,California,94110
Jerrilee Suero,1 Grover Alley,Toledo,Ohio,43635
Gibby Druhan,06 7th Junction,Arvada,Colorado,80005
Corrie Bome,9469 Grasskamp Place,Carol Stream,Illinois,60351
Lulu Pignon,1 Namekagon Street,Detroit,Michigan,48206
Nealy Kelloch,056 Mayer Road,Minneapolis,Minnesota,55458
Betti Helm,580 Moose Point,Ocala,Florida,34479
Nanny Luxmoore,43884 Valley Edge Alley,Panama City,Florida,32412
Cody Bebbington,2098 South Terrace,Cleveland,Ohio,44191
Erick Measey,86728 Barnett Lane,Dayton,Ohio,45440
Lilah Spivie,8 Steensland Park,Aurora,Colorado,80044
Trstram Kubec,43 Thackeray Plaza,Des Moines,Iowa,50362
Ilyssa Longland,95 Prairieview Street,New York City,New York,10125
Avis Garmon,6359 Knutson Way,Reno,Nevada,89550
Stu Tutsell,67196 Blue Bill Park Point,Colorado Springs,Colorado,80925
Jereme Kingsnod,6 Bay Way,Sterling,Virginia,20167
Merrile Oglethorpe,1 Dahle Lane,Huntington Beach,California,92648
Eddi Whinray,2 Schlimgen Road,Saint Petersburg,Florida,33737
Normy Ginn,50 Tennyson Plaza,Atlanta,Georgia,30323
Jill Turnor,454 Kipling Circle,Ocala,Florida,34479
Amberly Marusyak,6398 Southridge Alley,Flushing,New York,11388
Marjorie McIndrew,8 Bultman Hill,San Jose,California,95113
Rosaline Hennington,78 Buhler Park,Canton,Ohio,44710
Alena Perkins,24973 Del Mar Parkway,Saint Paul,Minnesota,55188
Shanda Templeton,15710 Fairview Road,Mesa,Arizona,85215
Val Corgenvin,4831 Nobel Parkway,Baltimore,Maryland,21275
Raimundo Coull,4 Anzinger Crossing,Temple,Texas,76505
Desi Wilshin,9248 Express Road,Waterbury,Connecticut,06721
Coralie Cord,812 John Wall Alley,Salt Lake City,Utah,84145
Bernard Earsman,45354 Elmside Alley,Roanoke,Virginia,24024
Worth Wrathmall,0728 Kings Crossing,San Francisco,California,94154
Estella Colqueran,232 Valley Edge Park,Memphis,Tennessee,38114
Gene Dearn,78066 Randy Court,Scottsdale,Arizona,85255
Haily Headings,938 Nancy Hill,New Castle,Pennsylvania,16107
Cal Ogborne,956 Maple Trail,Albuquerque,New Mexico,87190
Hannis Antognetti,20286 Rockefeller Pass,Columbus,Georgia,31998
Corabelle Viccars,95 Myrtle Park,Oklahoma City,Oklahoma,73147
Wylma June,95858 Elka Court,Winston Salem,North Carolina,27105
Pascal Dray,82046 Dapin Crossing,Hartford,Connecticut,06152
Brady Tilbrook,70461 Pierstorff Crossing,Chicago,Illinois,60646
Niles Tardiff,8063 Stang Way,Wilmington,Delaware,19805
Annabelle Middleweek,88449 Miller Parkway,Rochester,New York,14619
Analiese Scholtz,4237 Mitchell Plaza,Mobile,Alabama,36605
Irina Romei,843 Del Sol Parkway,Modesto,California,95354
Morganica Greenacre,04 Comanche Trail,Des Moines,Iowa,50362
Gail Frayne,355 Katie Place,Richmond,Virginia,23237
Mathian Lailey,24 Prairieview Parkway,Louisville,Kentucky,40266
Dyane Berrick,0 Lunder Road,El Paso,Texas,88514
Lynne Fairley,60 Shopko Park,New York City,New York,10105
Sonya Lemmon,20 Loomis Crossing,San Antonio,Texas,78285
Adoree Havers,6 Moose Center,Indianapolis,Indiana,46239
Skip Marioneau,0888 Cody Pass,Washington,District of Columbia,20591
Nico De la Yglesias,71629 Little Fleur Junction,Kalamazoo,Michigan,49006
Reynard Dray,01698 Granby Alley,Colorado Springs,Colorado,80925
Yetta Stollmeyer,6 Charing Cross Place,Saint Louis,Missouri,63167
Kahaleel Camili,735 Alpine Point,Birmingham,Alabama,35279
Ariella Thunderchief,994 Thackeray Road,San Francisco,California,94142
Fayette Hatrey,2345 Garrison Avenue,Tampa,Florida,33686
Agata Trebilcock,57 Lotheville Road,Concord,California,94522
Janelle Duplan,064 Granby Plaza,Pompano Beach,Florida,33064
Atalanta Utteridge,18032 Bluestem Place,Arlington,Virginia,22212
Weider Philipp,7242 Haas Point,Lafayette,Louisiana,70593
Laughton Le Marchant,35 Anhalt Avenue,Birmingham,Alabama,35279
Andriette O' Hern,3560 Bayside Lane,Mount Vernon,New York,10557
Modestine Chastan,3429 Hermina Lane,Tuscaloosa,Alabama,35405
Dorie Longbothom,72660 Eastlawn Court,Baltimore,Maryland,21281
Bartholomeus Duffil,7843 Basil Terrace,Tulsa,Oklahoma,74141
Sigismund Ash,6 Arkansas Point,Washington,District of Columbia,20575
Carrol Geram,857 Westport Terrace,Long Beach,California,90810
Constantine Stroder,07386 Schmedeman Plaza,Cedar Rapids,Iowa,52410
Stormi Ivers,75644 Myrtle Avenue,Levittown,Pennsylvania,19058
Daniella Smee,01255 Northridge Terrace,Wichita,Kansas,67220
Jocelyn Osbourn,4 Amoth Place,Washington,District of Columbia,20530
Anselm McColm,8 Buhler Lane,Murfreesboro,Tennessee,37131
Rolando Sieghard,36323 Debra Center,Charleston,West Virginia,25331
Roana Kopps,3 Merry Street,Las Vegas,Nevada,89115
Christalle Kettlesing,20461 Grim Point,Colorado Springs,Colorado,80940
Lynnea Gribbin,5 Loeprich Place,Tampa,Florida,33610
Wendie Riches,6193 Oriole Junction,Dallas,Texas,75216
Jill Swale,906 Erie Terrace,Marietta,Georgia,30066
Monica Toffolini,1 Harbort Circle,New Orleans,Louisiana,70149
Daron Brace,7864 Dwight Way,El Paso,Texas,79989
Benjy Dongles,6975 Eagle Crest Road,Atlanta,Georgia,30358
Rosie Andreu,28124 Badeau Court,Springfield,Illinois,62794
Emalee Antonellini,96 Pearson Place,Saint Louis,Missouri,63121
Jenilee Godain,0 Hansons Road,Lafayette,Louisiana,70505
Brose Ternent,0501 Barnett Circle,Lexington,Kentucky,40586
Brander Helleckas,05 Northfield Hill,Topeka,Kansas,66617
Ericka Willarton,0 Lakewood Street,Denver,Colorado,80270
Ramon Gouldthorpe,53762 Fair Oaks Lane,Baton Rouge,Louisiana,70836
Etan Prestie,279 Blue Bill Park Trail,Louisville,Kentucky,40215
Kerianne Mebius,79792 Eagan Plaza,Charlotte,North Carolina,28205
Jacquetta Spellacy,0440 Thierer Way,Cleveland,Ohio,44125
Starlene Finicj,6078 Bayside Center,Chicago,Illinois,60604
Ernaline Ryde,90758 Holmberg Way,Gainesville,Florida,32627
Shirlee MacKenzie,174 Florence Plaza,Sacramento,California,95852
Arney McPake,65 Sheridan Pass,Tallahassee,Florida,32304
Brigit Vasyunin,28857 Mosinee Drive,Schenectady,New York,12305
Elysia Dumsday,880 Holmberg Center,El Paso,Texas,79911
Ardath O'Noland,062 Surrey Terrace,Newton,Massachusetts,02162
Haslett Ruggles,14841 Claremont Circle,Montgomery,Alabama,36119
Elfie Smallpiece,9 Spenser Circle,San Antonio,Texas,78235
Algernon Pettican,7 Maple Trail,Sandy,Utah,84093
Forrester O'Carran,376 Del Mar Point,Jackson,Mississippi,39236
Neely Cohalan,27 Caliangt Drive,Wilmington,Delaware,19892
Nil Petrov,2633 Hoard Center,Arvada,Colorado,80005
Bondy Whitebread,61563 Hanover Park,Lubbock,Texas,79415
Cassaundra Bugge,7 Jay Lane,Garland,Texas,75044
Samara Esche,13823 Vidon Terrace,Dulles,Virginia,20189
Bili Thurstan,9 Mcbride Road,Durham,North Carolina,27717
Rodge Leathart,3160 Maryland Road,Memphis,Tennessee,38126
Coralie Gomery,7972 Blackbird Terrace,Jackson,Mississippi,39236
Husein Perico,3 Grim Pass,Dallas,Texas,75353
Briant MacKean,813 3rd Center,San Bernardino,California,92415
Dahlia Maberley,075 John Wall Place,Riverside,California,92519
Dionne Faulconbridge,2 Bobwhite Alley,Jackson,Mississippi,39210
Ephrem Amaya,09 Shoshone Hill,Dallas,Texas,75379
Fionna Portinari,262 Claremont Court,Myrtle Beach,South Carolina,29579
Minni Kaesmans,8 Mitchell Road,Washington,District of Columbia,20036
Meghan Busse,5744 Anniversary Terrace,Louisville,Kentucky,40287
Heidi Curneen,526 Magdeline Court,San Antonio,Texas,78220
Putnem Blasing,32853 Cordelia Lane,Wichita,Kansas,67230
Cris Oldall,07 Jackson Point,Topeka,Kansas,66617
Tiffi Goburn,0 Mariners Cove Plaza,Seattle,Washington,98115
Augustina Mac Giany,14 Nancy Center,Valley Forge,Pennsylvania,19495
Rosalie Spurrier,4157 Towne Center,Garden Grove,California,92844
Xavier Belch,6827 Paget Road,Fort Collins,Colorado,80525
Malinda Nichol,40060 Basil Parkway,Saint Petersburg,Florida,33715
Raimund Makepeace,9 Northland Court,Amarillo,Texas,79182
Shay Shearmer,6 Rowland Pass,Birmingham,Alabama,35236
Riannon Shortell,86214 Maryland Trail,Palm Bay,Florida,32909
Kathie Petrollo,9 Kropf Park,Macon,Georgia,31217
Fran Hawthorne,8 Packers Parkway,Kent,Washington,98042
Cloris Freeland,8 Almo Crossing,Herndon,Virginia,22070
Gaspard Fuxman,660 Independence Terrace,Lexington,Kentucky,40546
Katy Matterson,2 Kropf Point,Saginaw,Michigan,48604
Berton Leidecker,2905 Thompson Road,Louisville,Kentucky,40256
Karine Lelande,3 Di Loreto Avenue,Evansville,Indiana,47705
Nolie Tompkin,42724 Nevada Center,Ridgely,Maryland,21684
Noell Gebhard,3019 Westend Plaza,Springfield,Illinois,62705
Hedy Smedley,827 Shopko Street,Philadelphia,Pennsylvania,19120
Shannah Castagne,95438 International Pass,Wilmington,Delaware,19892
Harley Siddens,4335 Becker Circle,Las Vegas,Nevada,89145
Risa Navarro,015 Clove Point,Norwalk,Connecticut,06854
Sal Flaxman,715 Amoth Junction,Knoxville,Tennessee,37924
Derek Dondon,648 Oxford Crossing,Akron,Ohio,44305
Ondrea Hartman,428 Donald Park,Memphis,Tennessee,38150
Gerrie Bickell,5 Shoshone Pass,Vero Beach,Florida,32964
Adler Bickerton,62887 Longview Place,San Francisco,California,94164
Annadiane Fabb,1 Duke Junction,Sacramento,California,94280
Stanley Walwood,15420 4th Hill,Pasadena,California,91186
Vail Triner,362 Kinsman Place,Detroit,Michigan,48242
Michale Baignard,16 Lillian Road,San Antonio,Texas,78225
Harrietta Mecco,04 Hansons Drive,Omaha,Nebraska,68179
Berenice Crosser,6836 Calypso Alley,Decatur,Illinois,62525
Alessandra Mix,01 Warbler Plaza,Carson City,Nevada,89706
Maximilian Litchmore,21495 Burning Wood Place,Minneapolis,Minnesota,55470
Averill Samet,29993 Darwin Alley,Dayton,Ohio,45408
Gino Stanway,072 Heath Street,Raleigh,North Carolina,27615
Susana Calcutt,76 Shasta Drive,Brooklyn,New York,11215
Jamal Hammerstone,4784 Northland Place,Atlanta,Georgia,31165
Pearle Petr,4 Mariners Cove Crossing,Santa Ana,California,92705
Rae Pitford,774 Main Circle,Phoenix,Arizona,85083
Joan Robez,6654 Birchwood Avenue,Kansas City,Missouri,64114
Bink Schaben,7 Manufacturers Place,Springfield,Massachusetts,01129
Hillery Hearl,929 Upham Avenue,Stockton,California,95205
Elvis Martina,1 Northport Place,Fullerton,California,92835
Kendall Freddi,2 Coolidge Pass,Apache Junction,Arizona,85219
Lawrence Balden,1609 Bartelt Center,Birmingham,Alabama,35236
William Virgoe,56328 Pine View Pass,Nashville,Tennessee,37240
Wright Gandrich,9 Bunting Place,Louisville,Kentucky,40280
Fayth Vasishchev,8 Chinook Circle,Wichita,Kansas,67230
Ritchie Ashfull,8523 Artisan Junction,Albuquerque,New Mexico,87110
Alyse MacManus,83 Derek Trail,Ashburn,Virginia,22093
Finn Senn,028 Mitchell Drive,Houston,Texas,77045
Harlen Gresly,67274 Myrtle Junction,Anchorage,Alaska,99512
Quintina Wybrew,4388 Pawling Point,Houston,Texas,77271
Meghann Lattimer,9 1st Pass,Albuquerque,New Mexico,87201
Raleigh Leipold,6658 Cherokee Way,Atlanta,Georgia,30328
Fannie Ragge,0993 Buena Vista Drive,San Francisco,California,94147
